{
  "description": "Lag-free taskbar that respects the GNOME Shell style.\n\n Very light and reliable extension.\n\n Workspaces buttons.\n Windows on active workspace.\n Highlight window demanding attention.\n Scroll on panel to change active workspace.\n Hover task to raise its window.\n Right click to show app menu.\n Middle click to open new app window.\n Show tasks in all workspaces in overview.\n Both dark and light styles.\n Move date menu to the right.\n\n No settings.\n\n If you want normal-weigthed fonts in panel, have a look at https://extensions.gnome.org/extension/8273/yaru-like-panel/ .",
  "name": "Task Up UltraLite",
  "shell-version": [
    "46",
    "47",
    "48",
    "49"
  ],
  "url": "https://github.com/fthx/task-up-ultralite",
  "uuid": "task-up-ultralite@fthx",
  "version": 999
}